{"version":"1.4.10.4.in-stock","title":"footer-digital2","type":"page","data":[{"id":"tqemptb","elType":"section","settings":{"content_width":{"0":"","unit":"px","size":"1410"},"structure":"40","background_background":"classic","background_color":"#efefef","padding":{"0":"","unit":"px","top":"50","right":"0","bottom":"20","left":"0","isLinked":false},"background_image":{"url":"","id":"","0":"","1":""},"background_video_fallback":{"url":"","id":"","0":"","1":""},"background_overlay_image":{"url":"","id":"","0":"","1":""},"background_overlay_video_fallback":{"url":"","id":"","0":"","1":""}},"elements":[{"id":"zcdlnsz","elType":"column","settings":{"_inline_size":"33.333","_column_size":25,"background_image":{"url":"","id":"","0":"","1":""},"background_video_fallback":{"url":"","id":"","0":"","1":""},"background_overlay_image":{"url":"","id":"","0":"","1":""},"background_overlay_video_fallback":{"url":"","id":"","0":"","1":""}},"elements":[{"id":"omdqfga","elType":"widget","settings":{"image":{"url":"http:\/\/192.168.1.12\/pos_ecolife\/img\/cms\/logo_footer.png","id":0},"title_text":"","description_text":"We are a team of designers and developers that create high quality Magento, Prestashop, Opencart.","image_space":{"unit":"px","size":"35"},"text_align":"left","description_color":"#666666","description_typography_typography":"custom","description_typography_font_size":{"0":"","unit":"px","size":"14"},"description_typography_line_height":{"unit":"px","size":"24"},"_margin":{"0":"","unit":"px","top":"0","right":"0","bottom":"30","left":"0","isLinked":false},"_background_image":{"url":"","id":"","0":"","1":""},"_background_video_fallback":{"url":"","id":"","0":"","1":""}},"elements":[],"widgetType":"image-box"},{"id":"rtpscvk","elType":"widget","settings":{"image":{"url":"http:\/\/192.168.1.12\/pos_ecolife\/img\/cms\/contact_footer.png","id":0},"title_text":"NEED HELP?","phone":"(+800) 345 678, (+800) 123 456","position":"left","title_bottom_space":{"0":"","unit":"px","size":"5"},"title_color":"#666666","title_typography_typography":"custom","title_typography_font_size":{"0":"","unit":"px","size":"16"},"title_typography_font_weight":"400","title_typography_line_height":{"unit":"px","size":"18"},"number_color":"#253237","description_typography_typography":"custom","description_typography_font_size":{"0":"","unit":"px","size":"22"},"description_typography_font_weight":"600","description_typography_line_height":{"unit":"px","size":"26"},"_margin":{"0":"","unit":"px","top":"0","right":"0","bottom":"40","left":"0","isLinked":false},"_background_image":{"url":"","id":"","0":"","1":""},"_background_video_fallback":{"url":"","id":"","0":"","1":""}},"elements":[],"widgetType":"pos_contact"},{"id":"lctmsld","elType":"widget","settings":{"content":[{"name":"facebook","url":"#","_id":"9luhft2"},{"name":"twitter","url":"#","_id":"ts2w66g"},{"name":"instagram","url":"#","_id":"86l2qmh"},{"name":"google","url":"#","_id":"ekuqxjx"},{"name":"telegram","url":"#","_id":"zcg0yhn"},{"name":"youtube","url":"#","_id":"2ytd4ur"},{"name":"whatsapp","url":"#","_id":"cp40tkz"},{"name":"tiktok","url":"#","_id":"k2mlt3e"},{"name":"snapchat","url":"#","_id":"vxgbo30"},{"name":"pinterest","url":"#","_id":"124w52b"},{"name":"rss","url":"#","_id":"myh15he"},{"name":"vimeo","url":"#","_id":"n5jf5xt"},{"name":"linkedIn ","url":"#","_id":"w43ogmq"}],"icon_size":{"unit":"px","size":"24"},"count_size":{"0":"","unit":"px","size":66},"space_icon_size":{"0":"","unit":"px","size":20},"_background_image":{"url":"","id":"","0":"","1":""},"_background_video_fallback":{"url":"","id":"","0":"","1":""}},"elements":[],"widgetType":"pos_social"}],"isInner":false},{"id":"aojdysk","elType":"column","settings":{"_inline_size":"16.698","_column_size":25,"background_image":{"url":"","id":"","0":"","1":""},"background_video_fallback":{"url":"","id":"","0":"","1":""},"background_overlay_image":{"url":"","id":"","0":"","1":""},"background_overlay_video_fallback":{"url":"","id":"","0":"","1":""}},"elements":[{"id":"macqlyb","elType":"widget","settings":{"title":"Information","links":[{"title":"Delivery","type_link":"page","page_link":"http:\/\/localhost\/pos_ecolife\/en\/content\/1-delivery","static_link":"","custom_link":{"is_external":"","url":""},"_id":"wyer9fa"},{"title":"About us","type_link":"page","page_link":"http:\/\/localhost\/pos_ecolife\/en\/content\/4-about-us","static_link":"","custom_link":{"is_external":"","url":""},"_id":"7wr13kn"},{"title":"Secure payment","type_link":"page","page_link":"http:\/\/localhost\/pos_ecolife\/en\/content\/5-secure-payment","static_link":"","custom_link":{"is_external":"","url":""},"_id":"lipo9ve"},{"title":"Contact us","type_link":"static","page_link":"","static_link":"http:\/\/localhost\/pos_ecolife\/en\/contact-us","custom_link":{"is_external":"","url":""},"_id":"6gyhxj5"},{"title":"Sitemap","type_link":"static","page_link":"","static_link":"http:\/\/localhost\/pos_ecolife\/en\/sitemap","custom_link":{"is_external":"","url":""},"_id":"179jsuh"},{"title":"Stores","type_link":"static","page_link":"","static_link":"http:\/\/localhost\/pos_ecolife\/en\/stores","custom_link":{"is_external":"","url":""},"_id":"msdkiy6"}],"text_align":"left","title_typo_typography":"custom","title_typo_font_size":{"0":"","unit":"px","size":"16"},"title_typo_font_weight":"600","title_color":"#253237","space_title_size":{"unit":"px","size":"20"},"design":"2","links_typo_typography":"custom","links_typo_line_height":{"unit":"px","size":"32"},"content_text_color":"#666666","hover_color":"#4fb68d","_background_image":{"url":"","id":"","0":"","1":""},"_background_video_fallback":{"url":"","id":"","0":"","1":""}},"elements":[],"widgetType":"pos_links"}],"isInner":false},{"id":"nimgqqh","elType":"column","settings":{"_inline_size":"16.697","_column_size":25,"background_image":{"url":"","id":"","0":"","1":""},"background_video_fallback":{"url":"","id":"","0":"","1":""},"background_overlay_image":{"url":"","id":"","0":"","1":""},"background_overlay_video_fallback":{"url":"","id":"","0":"","1":""}},"elements":[{"id":"onmlgwj","elType":"widget","settings":{"title":"Custom Links","links":[{"title":"Legal Notice","type_link":"page","page_link":"http:\/\/localhost\/pos_ecolife\/en\/content\/2-legal-notice","static_link":"","custom_link":{"is_external":"","url":""},"_id":"wyer9fa"},{"title":"Prices drop","type_link":"static","page_link":"http:\/\/localhost\/pos_ecolife\/en\/content\/4-about-us","static_link":"http:\/\/localhost\/pos_ecolife\/en\/prices-drop","custom_link":{"is_external":"","url":""},"_id":"7wr13kn"},{"title":"New products","type_link":"static","page_link":"http:\/\/localhost\/pos_ecolife\/en\/content\/5-secure-payment","static_link":"http:\/\/localhost\/pos_ecolife\/en\/new-products","custom_link":{"is_external":"","url":""},"_id":"lipo9ve"},{"title":"Best sales","type_link":"static","page_link":"","static_link":"http:\/\/localhost\/pos_ecolife\/en\/best-sales","custom_link":{"is_external":"","url":""},"_id":"6gyhxj5"},{"title":"My account","type_link":"static","page_link":"","static_link":"http:\/\/localhost\/pos_ecolife\/en\/my-account","custom_link":{"is_external":"","url":""},"_id":"179jsuh"},{"title":"Terms and conditions","type_link":"page","page_link":"http:\/\/localhost\/pos_ecolife\/en\/content\/3-terms-and-conditions-of-use","static_link":"http:\/\/localhost\/pos_ecolife\/en\/stores","custom_link":{"is_external":"","url":""},"_id":"msdkiy6"}],"text_align":"left","title_typo_typography":"custom","title_typo_font_size":{"0":"","unit":"px","size":"16"},"title_typo_font_weight":"600","title_color":"#253237","space_title_size":{"unit":"px","size":"20"},"design":"2","links_typo_typography":"custom","links_typo_line_height":{"unit":"px","size":"32"},"content_text_color":"#666666","hover_color":"#4fb68d","_background_image":{"url":"","id":"","0":"","1":""},"_background_video_fallback":{"url":"","id":"","0":"","1":""}},"elements":[],"widgetType":"pos_links"}],"isInner":false},{"id":"cgftokr","elType":"column","settings":{"_inline_size":"33.272","_column_size":25,"background_image":{"url":"","id":"","0":"","1":""},"background_video_fallback":{"url":"","id":"","0":"","1":""},"background_overlay_image":{"url":"","id":"","0":"","1":""},"background_overlay_video_fallback":{"url":"","id":"","0":"","1":""}},"elements":[{"id":"pgrpsln","elType":"widget","settings":{"title":"Newsletter","description":"Sign up for our e-mail to get latest news.","design":"2","subtitle_color":"#666666","_background_image":{"url":"","id":"","0":"","1":""},"_background_video_fallback":{"url":"","id":"","0":"","1":""}},"elements":[],"widgetType":"pos_title"},{"id":"urmbida","elType":"widget","settings":{"input_height":{"0":"","unit":"px","size":"46"},"input_border_radius":{"0":"","unit":"px","top":"30","right":"0","bottom":"0","left":"30","isLinked":false},"button_text_color":"#ffffff","button_background_color":"#253237","button_border_radius":{"0":"","unit":"px","top":"0","right":"30","bottom":"30","left":"0","isLinked":false},"button_background_hover_color":"#4fb68d","input_margin":{"0":"","unit":"px","top":"0","right":"0","bottom":"0","left":"0","isLinked":false},"_margin":{"0":"","unit":"px","top":"0","right":"0","bottom":"40","left":"0","isLinked":false},"alert_text_align":"center","button_height":{"0":"","unit":"px","size":"46"},"psgdpr_text_align":"right","psgdpr_text_color":"#666666","psgdpr_typography_typography":"custom","disable_psgdpr":"yes","psgdpr_margin":{"0":"","unit":"px","top":"20","right":"0","bottom":"0","left":"0","isLinked":false},"_background_image":{"url":"","id":"","0":"","1":""},"_background_video_fallback":{"url":"","id":"","0":"","1":""}},"elements":[],"widgetType":"pos-newsletter"},{"id":"kqiotns","elType":"widget","settings":{"image":{"url":"http:\/\/192.168.1.12\/pos_ecolife\/img\/cms\/app_store.png","id":0},"link":{"0":"","is_external":"","url":"#"},"banner_width":"inline","hover_animation":"animation2","_margin":{"0":"","unit":"px","top":"0","right":"10","bottom":"10","left":"0","isLinked":false},"_background_image":{"url":"","id":"","0":"","1":""},"_background_video_fallback":{"url":"","id":"","0":"","1":""}},"elements":[],"widgetType":"pos_banner"},{"id":"hupcejq","elType":"widget","settings":{"image":{"url":"http:\/\/192.168.1.12\/pos_ecolife\/img\/cms\/google_play.png","id":0},"link":{"0":"","is_external":"","url":"#"},"banner_width":"inline","hover_animation":"animation2","_margin":{"0":"","unit":"px","top":"0","right":"0","bottom":"10","left":"0","isLinked":false},"_background_image":{"url":"","id":"","0":"","1":""},"_background_video_fallback":{"url":"","id":"","0":"","1":""}},"elements":[],"widgetType":"pos_banner"}],"isInner":false}],"isInner":false},{"id":"xlxdqii","elType":"section","settings":{"content_width":{"0":"","unit":"px","size":"1410"},"structure":"21","background_background":"classic","background_color":"#efefef","padding":{"0":"","unit":"px","top":"0","right":"0","bottom":"40","left":"0","isLinked":false},"background_image":{"url":"","id":"","0":"","1":""},"background_video_fallback":{"url":"","id":"","0":"","1":""},"background_overlay_image":{"url":"","id":"","0":"","1":""},"background_overlay_video_fallback":{"url":"","id":"","0":"","1":""}},"elements":[{"id":"wnexfqh","elType":"column","settings":{"_inline_size":null,"_column_size":33,"content_position":"center","background_image":{"url":"","id":"","0":"","1":""},"background_video_fallback":{"url":"","id":"","0":"","1":""},"background_overlay_image":{"url":"","id":"","0":"","1":""},"background_overlay_video_fallback":{"url":"","id":"","0":"","1":""}},"elements":[{"id":"ljrrrsw","elType":"widget","settings":{"editor":"<p>Copyright \u00a9 Posthemes. All Rights Reserved.<\/p>","text_color":"#666666","_background_image":{"url":"","id":"","0":"","1":""},"_background_video_fallback":{"url":"","id":"","0":"","1":""}},"elements":[],"widgetType":"text-editor"}],"isInner":false},{"id":"czishyo","elType":"column","settings":{"_inline_size":null,"_column_size":66,"background_image":{"url":"","id":"","0":"","1":""},"background_video_fallback":{"url":"","id":"","0":"","1":""},"background_overlay_image":{"url":"","id":"","0":"","1":""},"background_overlay_video_fallback":{"url":"","id":"","0":"","1":""}},"elements":[{"id":"wypqfjl","elType":"widget","settings":{"image":{"url":"http:\/\/192.168.1.12\/pos_ecolife\/img\/cms\/payment.png","id":0},"banner_width":"inline","hover_animation":"animation2","_background_image":{"url":"","id":"","0":"","1":""},"_background_video_fallback":{"url":"","id":"","0":"","1":""}},"elements":[],"widgetType":"pos_banner"}],"isInner":false}],"isInner":false}]}