{"version":"1.4.10.4.in-stock","title":"home-digital2","type":"page","data":[{"id":"fgqkcqn","elType":"section","settings":{"stretch_section":"section-stretched","layout":"full_width","margin":{"0":"","unit":"px","top":"0","right":0,"bottom":"60","left":0,"isLinked":false},"background_image":{"url":"","id":"","0":"","1":""},"background_video_fallback":{"url":"","id":"","0":"","1":""},"background_overlay_image":{"url":"","id":"","0":"","1":""},"background_overlay_video_fallback":{"url":"","id":"","0":"","1":""}},"elements":[{"id":"rmjawls","elType":"column","settings":{"_inline_size":null,"_column_size":100,"padding":{"0":"","unit":"px","top":"0","right":"10","bottom":"10","left":"10","isLinked":false},"background_image":{"url":"","id":"","0":"","1":""},"background_video_fallback":{"url":"","id":"","0":"","1":""},"background_overlay_image":{"url":"","id":"","0":"","1":""},"background_overlay_video_fallback":{"url":"","id":"","0":"","1":""}},"elements":[{"id":"kefegxu","elType":"widget","settings":{"slideshow_list":[{"slideshow_image":{"url":"http:\/\/192.168.1.12\/pos_ecolife\/img\/cms\/s2_1.jpg","id":0},"alignment":"left","x":{"unit":"%","size":"5"},"y":{"unit":"%","size":""},"divider1":"","heading1":"","title1":"not fried not baked","title1_color":"#253237","title1_animation":"fadeInRight","divider2":"","heading2":"","title2":"Freeze Dried Fruits","title2_color":"#253237","title2_animation":"fadeInUp","divider3":"","heading3":"","title3":"Pineapple Coconut","title3_color":"#253237","title3_animation":"fadeInLeft","divider4":"","heading4":"","subtitle":"Free Shipping On Qualified Orders Over $35","subtitle_color":"#555555","subtitle_animation":"fadeInDown","divider5":"","heading5":"","button":"Shop Now","link":{"is_external":"","url":"#"},"button_animation":"zoomIn","_id":"vbx0tj9"},{"slideshow_image":{"url":"http:\/\/192.168.1.12\/pos_ecolife\/img\/cms\/s1_1.jpg","id":0},"alignment":"left","x":{"unit":"%","size":"5"},"y":{"unit":"%","size":""},"divider1":"","heading1":"","title1":"not fried not baked","title1_color":"#253237","title1_animation":"fadeInDown","divider2":"","heading2":"","title2":"Freeze Dried Fruits","title2_color":"#253237","title2_animation":"fadeInLeft","divider3":"","heading3":"","title3":"Pineapple Coconut","title3_color":"#253237","title3_animation":"fadeInRight","divider4":"","heading4":"","subtitle":"Free Shipping On Qualified Orders Over $35","subtitle_color":"#555555","subtitle_animation":"fadeInUp","divider5":"","heading5":"","button":"Shop Now","link":{"is_external":"","url":"#"},"button_animation":"zoomIn","_id":"pn0nzdp"}],"title1_typography_typography":"custom","title1_typography_font_size":{"0":"","unit":"px","size":"18"},"title1_typography_text_transform":"uppercase","title1_typography_font_style":"italic","title2_typography_typography":"custom","title2_typography_font_size":{"0":"","unit":"px","size":"48"},"title2_typography_font_weight":"600","title3_typography_typography":"custom","title3_typography_font_size":{"0":"","unit":"px","size":"48"},"title3_typography_font_weight":"600","subtitle_typography_typography":"custom","subtitle_typography_font_size":{"0":"","unit":"px","size":"20"},"title1_space":{"unit":"px","size":"15"},"title2_space":{"unit":"px","size":0},"title3_space":{"unit":"px","size":"40"},"subtitle_space":{"unit":"px","size":"70"},"typography_typography":"custom","typography_font_size":{"0":"","unit":"px","size":"14"},"typography_font_weight":"700","typography_text_transform":"uppercase","button_text_color":"#ffffff","background_color":"#4fb68d","hover_color":"#ffffff","button_background_hover_color":"#253237","border_radius":{"0":"","unit":"px","top":"30","right":"30","bottom":"30","left":"30","isLinked":true},"text_padding":{"0":"","unit":"px","top":"15","right":"30","bottom":"15","left":"30","isLinked":false},"dots":"yes","infinite":"yes","title1_typography_font_size_tablet":{"0":"","unit":"px","size":14},"title1_space_tablet":{"0":"","unit":"px","size":10},"title2_typography_font_size_tablet":{"0":"","unit":"px","size":36},"title3_typography_font_size_tablet":{"0":"","unit":"px","size":36},"title3_space_tablet":{"0":"","unit":"px","size":25},"subtitle_typography_font_size_tablet":{"0":"","unit":"px","size":14},"subtitle_space_tablet":{"0":"","unit":"px","size":31},"height_slideshow":{"unit":"px","size":"660"},"height_slideshow_tablet":{"0":"","unit":"px","size":"400"},"height_slideshow_mobile":{"0":"","unit":"px","size":299},"title1_typography_font_size_mobile":{"0":"","unit":"px","size":12},"title2_typography_font_size_mobile":{"0":"","unit":"px","size":26},"title3_typography_font_size_mobile":{"0":"","unit":"px","size":"26"},"title3_space_mobile":{"0":"","unit":"px","size":20},"subtitle_typography_font_size_mobile":{"0":"","unit":"px","size":"13"},"subtitle_space_mobile":{"0":"","unit":"px","size":30},"typography_font_size_mobile":{"0":"","unit":"px","size":"11"},"text_padding_mobile":{"0":"","unit":"px","top":"10","right":"20","bottom":"10","left":"20","isLinked":false},"_background_image":{"url":"","id":"","0":"","1":""},"_background_video_fallback":{"url":"","id":"","0":"","1":""}},"elements":[],"widgetType":"pos_slideshow"}],"isInner":false}],"isInner":false},{"id":"gvnruht","elType":"section","settings":{"structure":"40","layout":"full_width","border_border":"solid","border_width":{"0":"","unit":"px","top":"1","right":"1","bottom":"1","left":"1","isLinked":true},"border_color":"#ebebeb","border_radius":{"0":"","unit":"px","top":"5","right":"5","bottom":"5","left":"5","isLinked":true},"padding":{"0":"","unit":"px","top":"20","right":"20","bottom":"20","left":"20","isLinked":true},"margin":{"0":"","unit":"px","top":"0","right":0,"bottom":"60","left":0,"isLinked":false},"content_width":{"0":"","unit":"px","size":"1410"},"background_image":{"url":"","id":"","0":"","1":""},"background_video_fallback":{"url":"","id":"","0":"","1":""},"background_overlay_image":{"url":"","id":"","0":"","1":""},"background_overlay_video_fallback":{"url":"","id":"","0":"","1":""}},"elements":[{"id":"pnbcpcd","elType":"column","settings":{"_inline_size":null,"_column_size":25,"background_image":{"url":"","id":"","0":"","1":""},"background_video_fallback":{"url":"","id":"","0":"","1":""},"background_overlay_image":{"url":"","id":"","0":"","1":""},"background_overlay_video_fallback":{"url":"","id":"","0":"","1":""}},"elements":[{"id":"aabijfz","elType":"widget","settings":{"image":{"url":"http:\/\/192.168.1.12\/pos_ecolife\/img\/cms\/icon_cms1.png","id":0},"title_text":"Free Shipping","description_text":"On all orders over $75.00","position":"left","title_color":"#253237","title_typography_typography":"custom","title_typography_font_size":{"0":"","unit":"px","size":"16"},"title_typography_font_weight":"600","description_color":"#888888","description_typography_typography":"custom","description_typography_font_size":{"0":"","unit":"px","size":"13"},"image_space":{"unit":"px","size":"10"},"image_size":{"unit":"%","size":"20"},"_background_image":{"url":"","id":"","0":"","1":""},"_background_video_fallback":{"url":"","id":"","0":"","1":""}},"elements":[],"widgetType":"image-box"}],"isInner":false},{"id":"elkbfgm","elType":"column","settings":{"_inline_size":null,"_column_size":25,"background_image":{"url":"","id":"","0":"","1":""},"background_video_fallback":{"url":"","id":"","0":"","1":""},"background_overlay_image":{"url":"","id":"","0":"","1":""},"background_overlay_video_fallback":{"url":"","id":"","0":"","1":""}},"elements":[{"id":"hcykkjv","elType":"widget","settings":{"image":{"url":"http:\/\/192.168.1.12\/pos_ecolife\/img\/cms\/icon_cms2.png","id":0},"title_text":"Free Returns","description_text":"Returns are free within 9 days","position":"left","title_color":"#253237","title_typography_typography":"custom","title_typography_font_size":{"0":"","unit":"px","size":"16"},"title_typography_font_weight":"600","description_color":"#888888","description_typography_typography":"custom","description_typography_font_size":{"0":"","unit":"px","size":"13"},"image_space":{"unit":"px","size":"10"},"image_size":{"unit":"%","size":"20"},"_background_image":{"url":"","id":"","0":"","1":""},"_background_video_fallback":{"url":"","id":"","0":"","1":""}},"elements":[],"widgetType":"image-box"}],"isInner":false},{"id":"mwcjiao","elType":"column","settings":{"_inline_size":null,"_column_size":25,"background_image":{"url":"","id":"","0":"","1":""},"background_video_fallback":{"url":"","id":"","0":"","1":""},"background_overlay_image":{"url":"","id":"","0":"","1":""},"background_overlay_video_fallback":{"url":"","id":"","0":"","1":""}},"elements":[{"id":"hghfuyh","elType":"widget","settings":{"image":{"url":"http:\/\/192.168.1.12\/pos_ecolife\/img\/cms\/icon_cms3.png","id":0},"title_text":"100% Payment Secure","description_text":"Your payment are safe with us.","position":"left","title_color":"#253237","title_typography_typography":"custom","title_typography_font_size":{"0":"","unit":"px","size":"16"},"title_typography_font_weight":"600","description_color":"#888888","description_typography_typography":"custom","description_typography_font_size":{"0":"","unit":"px","size":"13"},"image_space":{"unit":"px","size":"10"},"image_size":{"unit":"%","size":"20"},"_background_image":{"url":"","id":"","0":"","1":""},"_background_video_fallback":{"url":"","id":"","0":"","1":""}},"elements":[],"widgetType":"image-box"}],"isInner":false},{"id":"tixtxrj","elType":"column","settings":{"_inline_size":null,"_column_size":25,"background_image":{"url":"","id":"","0":"","1":""},"background_video_fallback":{"url":"","id":"","0":"","1":""},"background_overlay_image":{"url":"","id":"","0":"","1":""},"background_overlay_video_fallback":{"url":"","id":"","0":"","1":""}},"elements":[{"id":"bdyctml","elType":"widget","settings":{"image":{"url":"http:\/\/192.168.1.12\/pos_ecolife\/img\/cms\/icon_cms4.png","id":0},"title_text":"Support 24\/7","description_text":"Contact us 24 hours a day","position":"left","title_color":"#253237","title_typography_typography":"custom","title_typography_font_size":{"0":"","unit":"px","size":"16"},"title_typography_font_weight":"600","description_color":"#888888","description_typography_typography":"custom","description_typography_font_size":{"0":"","unit":"px","size":"13"},"image_space":{"unit":"px","size":"10"},"image_size":{"unit":"%","size":"20"},"_background_image":{"url":"","id":"","0":"","1":""},"_background_video_fallback":{"url":"","id":"","0":"","1":""}},"elements":[],"widgetType":"image-box"}],"isInner":false}],"isInner":false},{"id":"mrbqzeu","elType":"section","settings":{"layout":"full_width","gap":"no","margin":{"0":"","unit":"px","top":"0","right":0,"bottom":"50","left":0,"isLinked":false},"content_width":{"0":"","unit":"px","size":"1410"},"background_image":{"url":"","id":"","0":"","1":""},"background_video_fallback":{"url":"","id":"","0":"","1":""},"background_overlay_image":{"url":"","id":"","0":"","1":""},"background_overlay_video_fallback":{"url":"","id":"","0":"","1":""}},"elements":[{"id":"klwklct","elType":"column","settings":{"_inline_size":null,"_column_size":100,"background_image":{"url":"","id":"","0":"","1":""},"background_video_fallback":{"url":"","id":"","0":"","1":""},"background_overlay_image":{"url":"","id":"","0":"","1":""},"background_overlay_video_fallback":{"url":"","id":"","0":"","1":""}},"elements":[{"id":"jnloyyz","elType":"widget","settings":{"title":"Best Sellers","description":"Add bestselling products to weekly line up","title_color":"#253237","title_typography_typography":"custom","title_typography_font_size":{"0":"","unit":"px","size":"24"},"title_typography_font_weight":"600","description_color":"#888888","_margin":{"0":"","unit":"px","top":"0","right":"0","bottom":"25","left":"0","isLinked":false},"_background_image":{"url":"","id":"","0":"","1":""},"_background_video_fallback":{"url":"","id":"","0":"","1":""}},"elements":[],"widgetType":"pos_title"},{"id":"yfpxxdf","elType":"widget","settings":{"listing":"best-sales","items":"5","dots":"","autoplay":"yes","product_display":"default","responsive":"custom","items_laptop":"5","items_landscape_tablet":"4","items_portrait_tablet":"3","items_landscape_mobile":"2","items_portrait_mobile":"2","items_small_mobile":"1","arrows position":"top","arrows_position":"top","_background_image":{"url":"","id":"","0":"","1":""},"_background_video_fallback":{"url":"","id":"","0":"","1":""}},"elements":[],"widgetType":"pos_products"}],"isInner":false}],"isInner":false},{"id":"clzbbvu","elType":"section","settings":{"layout":"full_width","margin":{"0":"","unit":"px","top":"0","right":0,"bottom":"50","left":0,"isLinked":false},"background_image":{"url":"","id":"","0":"","1":""},"background_video_fallback":{"url":"","id":"","0":"","1":""},"background_overlay_image":{"url":"","id":"","0":"","1":""},"background_overlay_video_fallback":{"url":"","id":"","0":"","1":""}},"elements":[{"id":"meclrgw","elType":"column","settings":{"_inline_size":null,"_column_size":100,"background_image":{"url":"","id":"","0":"","1":""},"background_video_fallback":{"url":"","id":"","0":"","1":""},"background_overlay_image":{"url":"","id":"","0":"","1":""},"background_overlay_video_fallback":{"url":"","id":"","0":"","1":""}},"elements":[{"id":"kmmankp","elType":"widget","settings":{"title":"Popular Categories","description":"Add bestselling products to weekly line up","title_color":"#253237","title_typography_typography":"custom","title_typography_font_size":{"0":"","unit":"px","size":"24"},"title_typography_font_weight":"600","description_color":"#888888","_margin":{"0":"","unit":"px","top":"0","right":"0","bottom":"25","left":"0","isLinked":false},"_background_image":{"url":"","id":"","0":"","1":""},"_background_video_fallback":{"url":"","id":"","0":"","1":""}},"elements":[],"widgetType":"pos_title"},{"id":"xbncsku","elType":"widget","settings":{"category_id":["3","6"],"show_count":"yes","show_link":"yes","items":"3","responsive":"custom","items_laptop":"3","items_landscape_tablet":"3","items_portrait_tablet":"2","items_landscape_mobile":"2","items_portrait_mobile":"1","arrows_position":"top","_background_image":{"url":"","id":"","0":"","1":""},"_background_video_fallback":{"url":"","id":"","0":"","1":""}},"elements":[],"widgetType":"pos_categories"}],"isInner":false}],"isInner":false},{"id":"apttbpg","elType":"section","settings":{"layout":"full_width","structure":"21","margin":{"0":"","unit":"px","top":"0","right":0,"bottom":"50","left":0,"isLinked":false},"background_image":{"url":"","id":"","0":"","1":""},"background_video_fallback":{"url":"","id":"","0":"","1":""},"background_overlay_image":{"url":"","id":"","0":"","1":""},"background_overlay_video_fallback":{"url":"","id":"","0":"","1":""}},"elements":[{"id":"hahazri","elType":"column","settings":{"_inline_size":"33.007","_column_size":33,"background_image":{"url":"","id":"","0":"","1":""},"background_video_fallback":{"url":"","id":"","0":"","1":""},"background_overlay_image":{"url":"","id":"","0":"","1":""},"background_overlay_video_fallback":{"url":"","id":"","0":"","1":""}},"elements":[{"id":"fnxfxrd","elType":"widget","settings":{"title":"Hot Deals","description":"Add hot products to weekly line up","title_color":"#253237","title_typography_typography":"custom","title_typography_font_size":{"0":"","unit":"px","size":"24"},"title_typography_font_weight":"600","description_color":"#888888","_margin":{"0":"","unit":"px","top":"0","right":"0","bottom":"25","left":"0","isLinked":false},"_background_image":{"url":"","id":"","0":"","1":""},"_background_video_fallback":{"url":"","id":"","0":"","1":""}},"elements":[],"widgetType":"pos_title"},{"id":"rlaotgy","elType":"widget","settings":{"items":"1","title":"Hurry Up! Offer ends in:","_border_border":"solid","_border_width":{"0":"","unit":"px","top":"2","right":"2","bottom":"2","left":"2","isLinked":true},"_border_color":"#4fb68d","_border_radius":{"0":"","unit":"px","top":"3","right":"3","bottom":"3","left":"3","isLinked":true},"responsive":"custom","items_landscape_mobile":"2","items_portrait_mobile":"1","items_small_mobile":"1","products":"","_background_image":{"url":"","id":"","0":"","1":""},"_background_video_fallback":{"url":"","id":"","0":"","1":""}},"elements":[],"widgetType":"pos_sale_products"}],"isInner":false},{"id":"vzbuffj","elType":"column","settings":{"_inline_size":"66.993","_column_size":66,"background_image":{"url":"","id":"","0":"","1":""},"background_video_fallback":{"url":"","id":"","0":"","1":""},"background_overlay_image":{"url":"","id":"","0":"","1":""},"background_overlay_video_fallback":{"url":"","id":"","0":"","1":""}},"elements":[{"id":"rndgesy","elType":"widget","settings":{"title":"New Arrivals","description":"Add new products to weekly line up","title_color":"#253237","title_typography_typography":"custom","title_typography_font_size":{"0":"","unit":"px","size":"24"},"title_typography_font_weight":"600","description_color":"#888888","_margin":{"0":"","unit":"px","top":"0","right":"0","bottom":"25","left":"0","isLinked":false},"_background_image":{"url":"","id":"","0":"","1":""},"_background_video_fallback":{"url":"","id":"","0":"","1":""}},"elements":[],"widgetType":"pos_title"},{"id":"hsbclsv","elType":"widget","settings":{"listing":"new-products","rows":"2","responsive":"custom","items_laptop":"4","items_landscape_tablet":"3","items_portrait_tablet":"2","items_landscape_mobile":"2","items_portrait_mobile":"2","items_small_mobile":"1","arrows_position":"top","_background_image":{"url":"","id":"","0":"","1":""},"_background_video_fallback":{"url":"","id":"","0":"","1":""}},"elements":[],"widgetType":"pos_products"}],"isInner":false}],"isInner":false},{"id":"jhgmwgu","elType":"section","settings":{"layout":"full_width","structure":"33","margin":{"0":"","unit":"px","top":"0","right":0,"bottom":"60","left":0,"isLinked":false},"content_width":{"0":"","unit":"px","size":"1410"},"background_image":{"url":"","id":"","0":"","1":""},"background_video_fallback":{"url":"","id":"","0":"","1":""},"background_overlay_image":{"url":"","id":"","0":"","1":""},"background_overlay_video_fallback":{"url":"","id":"","0":"","1":""}},"elements":[{"id":"pxbkejd","elType":"column","settings":{"_inline_size":null,"_column_size":25,"background_image":{"url":"","id":"","0":"","1":""},"background_video_fallback":{"url":"","id":"","0":"","1":""},"background_overlay_image":{"url":"","id":"","0":"","1":""},"background_overlay_video_fallback":{"url":"","id":"","0":"","1":""}},"elements":[{"id":"zkonlwn","elType":"widget","settings":{"image":{"url":"http:\/\/192.168.1.12\/pos_ecolife\/img\/cms\/1_1.jpg","id":0},"link":{"0":"","is_external":"","url":"#"},"_background_image":{"url":"","id":"","0":"","1":""},"_background_video_fallback":{"url":"","id":"","0":"","1":""}},"elements":[],"widgetType":"pos_banner"}],"isInner":false},{"id":"fzifhwk","elType":"column","settings":{"_inline_size":null,"_column_size":50,"background_image":{"url":"","id":"","0":"","1":""},"background_video_fallback":{"url":"","id":"","0":"","1":""},"background_overlay_image":{"url":"","id":"","0":"","1":""},"background_overlay_video_fallback":{"url":"","id":"","0":"","1":""}},"elements":[{"id":"qerhzus","elType":"widget","settings":{"image":{"url":"http:\/\/192.168.1.12\/pos_ecolife\/img\/cms\/2_1.jpg","id":0},"link":{"0":"","is_external":"","url":"#"},"_background_image":{"url":"","id":"","0":"","1":""},"_background_video_fallback":{"url":"","id":"","0":"","1":""}},"elements":[],"widgetType":"pos_banner"}],"isInner":false},{"id":"qflfjle","elType":"column","settings":{"_inline_size":null,"_column_size":25,"background_image":{"url":"","id":"","0":"","1":""},"background_video_fallback":{"url":"","id":"","0":"","1":""},"background_overlay_image":{"url":"","id":"","0":"","1":""},"background_overlay_video_fallback":{"url":"","id":"","0":"","1":""}},"elements":[{"id":"zcqfdsc","elType":"widget","settings":{"image":{"url":"http:\/\/192.168.1.12\/pos_ecolife\/img\/cms\/3_1.jpg","id":0},"link":{"0":"","is_external":"","url":"#"},"_background_image":{"url":"","id":"","0":"","1":""},"_background_video_fallback":{"url":"","id":"","0":"","1":""}},"elements":[],"widgetType":"pos_banner"}],"isInner":false}],"isInner":false},{"id":"kujyzas","elType":"section","settings":{"layout":"full_width","margin":{"0":"","unit":"px","top":"0","right":0,"bottom":"60","left":0,"isLinked":false},"background_image":{"url":"","id":"","0":"","1":""},"background_video_fallback":{"url":"","id":"","0":"","1":""},"background_overlay_image":{"url":"","id":"","0":"","1":""},"background_overlay_video_fallback":{"url":"","id":"","0":"","1":""}},"elements":[{"id":"hxoiizo","elType":"column","settings":{"_inline_size":null,"_column_size":100,"background_image":{"url":"","id":"","0":"","1":""},"background_video_fallback":{"url":"","id":"","0":"","1":""},"background_overlay_image":{"url":"","id":"","0":"","1":""},"background_overlay_video_fallback":{"url":"","id":"","0":"","1":""}},"elements":[{"id":"ykdlony","elType":"widget","settings":{"title":"Featured Products","description":"Add hot products to weekly line up","title_color":"#253237","title_typography_typography":"custom","title_typography_font_size":{"0":"","unit":"px","size":"24"},"title_typography_font_weight":"600","description_color":"#888888","_margin":{"0":"","unit":"px","top":"0","right":"0","bottom":"25","left":"0","isLinked":false},"_background_image":{"url":"","id":"","0":"","1":""},"_background_video_fallback":{"url":"","id":"","0":"","1":""}},"elements":[],"widgetType":"pos_title"},{"id":"kdguran","elType":"widget","settings":{"product_display":"list","rows":"2","responsive":"custom","items_laptop":"4","items_landscape_tablet":"2","items_portrait_tablet":"2","items_landscape_mobile":"2","items_portrait_mobile":"1","items_small_mobile":"1","arrows_position":"top","_background_image":{"url":"","id":"","0":"","1":""},"_background_video_fallback":{"url":"","id":"","0":"","1":""}},"elements":[],"widgetType":"pos_products"}],"isInner":false}],"isInner":false},{"id":"dzbwxgo","elType":"section","settings":{"layout":"full_width","margin":{"0":"","unit":"px","top":"0","right":0,"bottom":"60","left":0,"isLinked":false},"background_image":{"url":"","id":"","0":"","1":""},"background_video_fallback":{"url":"","id":"","0":"","1":""},"background_overlay_image":{"url":"","id":"","0":"","1":""},"background_overlay_video_fallback":{"url":"","id":"","0":"","1":""}},"elements":[{"id":"ixfkkes","elType":"column","settings":{"_inline_size":null,"_column_size":100,"background_image":{"url":"","id":"","0":"","1":""},"background_video_fallback":{"url":"","id":"","0":"","1":""},"background_overlay_image":{"url":"","id":"","0":"","1":""},"background_overlay_video_fallback":{"url":"","id":"","0":"","1":""}},"elements":[{"id":"qbuibaj","elType":"widget","settings":{"image":{"url":"http:\/\/192.168.1.12\/pos_ecolife\/img\/cms\/4_1.jpg","id":0},"link":{"0":"","is_external":"","url":"#"},"_background_image":{"url":"","id":"","0":"","1":""},"_background_video_fallback":{"url":"","id":"","0":"","1":""}},"elements":[],"widgetType":"pos_banner"}],"isInner":false}],"isInner":false},{"id":"mfhwure","elType":"section","settings":{"layout":"full_width","margin":{"0":"","unit":"px","top":"0","right":0,"bottom":"60","left":0,"isLinked":false},"background_image":{"url":"","id":"","0":"","1":""},"background_video_fallback":{"url":"","id":"","0":"","1":""},"background_overlay_image":{"url":"","id":"","0":"","1":""},"background_overlay_video_fallback":{"url":"","id":"","0":"","1":""}},"elements":[{"id":"ldsutxj","elType":"column","settings":{"_inline_size":null,"_column_size":100,"background_image":{"url":"","id":"","0":"","1":""},"background_video_fallback":{"url":"","id":"","0":"","1":""},"background_overlay_image":{"url":"","id":"","0":"","1":""},"background_overlay_video_fallback":{"url":"","id":"","0":"","1":""}},"elements":[{"id":"athqjuf","elType":"widget","settings":{"title":"Recently Added","description":"Recently added to weekly line up","title_color":"#253237","title_typography_typography":"custom","title_typography_font_size":{"0":"","unit":"px","size":"24"},"title_typography_font_weight":"600","description_color":"#888888","_margin":{"0":"","unit":"px","top":"0","right":"0","bottom":"25","left":"0","isLinked":false},"_background_image":{"url":"","id":"","0":"","1":""},"_background_video_fallback":{"url":"","id":"","0":"","1":""}},"elements":[],"widgetType":"pos_title"},{"id":"fbmpuoo","elType":"widget","settings":{"listing":"products","products":["2","3","4","5","6","7","15"],"items":"6","responsive":"custom","items_laptop":"5","items_landscape_tablet":"4","items_portrait_tablet":"3","items_landscape_mobile":"2","items_portrait_mobile":"2","items_small_mobile":"1","arrows_position":"top","_background_image":{"url":"","id":"","0":"","1":""},"_background_video_fallback":{"url":"","id":"","0":"","1":""}},"elements":[],"widgetType":"pos_products"}],"isInner":false}],"isInner":false},{"id":"cpuwcjd","elType":"section","settings":{"layout":"full_width","border_border":"solid","border_width":{"0":"","unit":"px","top":"1","right":"1","bottom":"1","left":"1","isLinked":true},"border_color":"#ebebeb","border_radius":{"0":"","unit":"px","top":"5","right":"5","bottom":"5","left":"5","isLinked":true},"margin":{"0":"","unit":"px","top":"0","right":0,"bottom":"60","left":0,"isLinked":false},"padding":{"0":"","unit":"px","top":"20","right":"40","bottom":"20","left":"40","isLinked":false},"background_image":{"url":"","id":"","0":"","1":""},"background_video_fallback":{"url":"","id":"","0":"","1":""},"background_overlay_image":{"url":"","id":"","0":"","1":""},"background_overlay_video_fallback":{"url":"","id":"","0":"","1":""}},"elements":[{"id":"teokmav","elType":"column","settings":{"_inline_size":null,"_column_size":100,"background_image":{"url":"","id":"","0":"","1":""},"background_video_fallback":{"url":"","id":"","0":"","1":""},"background_overlay_image":{"url":"","id":"","0":"","1":""},"background_overlay_video_fallback":{"url":"","id":"","0":"","1":""}},"elements":[{"id":"qkpduog","elType":"widget","settings":{"_background_image":{"url":"","id":"","0":"","1":""},"_background_video_fallback":{"url":"","id":"","0":"","1":""}},"elements":[],"widgetType":"pos_brand"}],"isInner":false}],"isInner":false}]}